rawg_id,name,released,metacritic,rating,ratings_count,genres,steam_id,appid,steam_name,is_free,price,metacritic_score,tags,has_great_soundtrack
3328,The Witcher 3: Wild Hunt,2015-05-18,92.0,4.64,7101,"Action, RPG",292030,292030,The Witcher 3: Wild Hunt,False,399.0,93.0,"Single-player, Steam Achievements, Steam Trading Cards, Steam Workshop, Adjustable Text Size, Camera Comfort, Color Alternatives, Custom Volume Controls, Adjustable Difficulty, Playable without Timed Input, Save Anytime, Stereo Sound, Surround Sound, Partial Controller Support, Steam Cloud, Remote Play on Tablet, Remote Play on TV, Family Sharing",0
28,Red Dead Redemption 2,2018-10-26,96.0,4.59,5419,Action,1174180,1174180,Red Dead Redemption 2,False,1499.0,93.0,"Single-player, Multi-player, PvP, Online PvP, Co-op, Online Co-op, Steam Achievements, In-App Purchases, Partial Controller Support, Remote Play on Phone, Remote Play on Tablet",0
3439,Life is Strange,2015-01-29,83.0,4.12,3751,Adventure,1265920,1265920,Life is Strange Remastered,False,1199.0,,"Single-player, Steam Achievements, Full controller support, Family Sharing",0
3439,Life is Strange,2015-01-29,83.0,4.12,3751,Adventure,1265920,1265920,Life is Strange Remastered,False,1199.0,,"Single-player, Steam Achievements, Full controller support, Family Sharing",0
32,Destiny 2,2017-09-06,82.0,3.52,2659,"Shooter, Action",1085660,1085660,Destiny 2,True,,83.0,"Single-player, Multi-player, PvP, Online PvP, Co-op, Online Co-op, Steam Achievements, In-App Purchases, Color Alternatives, Custom Volume Controls, Subtitle Options, Partial Controller Support",0
58175,God of War (2018),2018-04-20,94.0,4.55,5094,Action,2322010,2322010,God of War Ragnarök,False,4019.0,90.0,"Single-player, Steam Achievements, Full controller support, Adjustable Text Size, Camera Comfort, Color Alternatives, Custom Volume Controls, Adjustable Difficulty, Narrated Game Menus, Playable without Timed Input, Save Anytime, Stereo Sound, Subtitle Options, Surround Sound, Steam Cloud, HDR available, Family Sharing",0
3070,Fallout 4,2015-11-09,84.0,3.81,3397,"Action, RPG",377160,377160,Fallout 4,False,799.0,84.0,"Single-player, Steam Achievements, Full controller support, Playable without Timed Input, Save Anytime, Stereo Sound, Surround Sound, Steam Cloud, Remote Play on Phone, Remote Play on Tablet, Remote Play on TV, Family Sharing",0
41494,Cyberpunk 2077,2020-12-10,73.0,4.22,2949,"Shooter, Action, RPG",1091500,1091500,Cyberpunk 2077,False,2099.0,86.0,"Single-player, Steam Achievements, Full controller support, Steam Trading Cards, Adjustable Text Size, Camera Comfort, Color Alternatives, Custom Volume Controls, Adjustable Difficulty, Playable without Timed Input, Save Anytime, Stereo Sound, Subtitle Options, Surround Sound, Steam Cloud, Family Sharing",0
278,Horizon Zero Dawn,2017-02-28,89.0,4.28,3760,"Action, RPG",2561580,2561580,Horizon Zero Dawn™ Remastered,False,2999.0,,"Single-player, Steam Achievements, Full controller support, Steam Cloud, Family Sharing",0
7689,Rise of the Tomb Raider,2015-11-10,86.0,4.04,2783,Action,391220,391220,Rise of the Tomb Raider™,False,299.0,86.0,"Single-player, Steam Achievements, Full controller support, Tracked Controller Support, VR Supported, Steam Trading Cards, Steam Cloud, Steam Leaderboards, Remote Play on Phone, Remote Play on Tablet, Remote Play on TV, Family Sharing",0
7689,Rise of the Tomb Raider,2015-11-10,86.0,4.04,2783,Action,391220,391220,Rise of the Tomb Raider™,False,149.0,86.0,"Single-player, Steam Achievements, Full controller support, Tracked Controller Support, VR Supported, Steam Trading Cards, Steam Cloud, Steam Leaderboards, Remote Play on Phone, Remote Play on Tablet, Remote Play on TV, Family Sharing",0
3287,Batman: Arkham Knight,2015-06-23,81.0,4.24,2667,Action,208650,208650,Batman™: Arkham Knight,False,599.0,,"Single-player, Steam Achievements, Full controller support, Steam Trading Cards, Steam Cloud, Steam Leaderboards, Remote Play on Phone, Remote Play on Tablet, Remote Play on TV, Family Sharing",0
3192,Metal Gear Solid V: The Phantom Pain,2015-09-01,91.0,4.16,2519,"Shooter, Action",287700,287700,METAL GEAR SOLID V: THE PHANTOM PAIN,False,1999.0,91.0,"Single-player, Multi-player, Steam Achievements, Full controller support, Steam Trading Cards, Captions available, In-App Purchases, Steam Cloud, Steam Leaderboards, Remote Play on Phone, Remote Play on Tablet, Remote Play on TV, Family Sharing",0
290856,Apex Legends,2019-02-04,80.0,3.63,2402,"Shooter, Action",1172470,1172470,Apex Legends™,True,,88.0,"Multi-player, PvP, Online PvP, Co-op, Online Co-op, Steam Achievements, Full controller support, Steam Trading Cards, In-App Purchases, Chat Speech-to-text, Playable without Timed Input",0
9767,Hollow Knight,2017-02-23,88.0,4.4,2696,"Platformer, Indie, Action",1030300,1030300,Hollow Knight: Silksong,False,639.0,90.0,"Single-player, Steam Achievements, Full controller support, Steam Trading Cards, Camera Comfort, Keyboard Only Option, Playable without Timed Input, Save Anytime, Stereo Sound, Steam Cloud, Remote Play on TV, Family Sharing",0
41,Little Nightmares,2017-04-27,81.0,4.03,1623,"Platformer, Adventure, Action",1392860,1392860,Little Nightmares III,False,1819.0,,"Single-player, Multi-player, Co-op, Online Co-op, Steam Achievements, Full controller support, Adjustable Text Size, Camera Comfort, Color Alternatives, Custom Volume Controls, Keyboard Only Option, Playable without Timed Input, Stereo Sound, Surround Sound, Steam Cloud, Family Sharing",0
2551,Dark Souls III,2016-04-11,89.0,4.4,2759,"Action, RPG",374320,374320,DARK SOULS™ III,False,5999.0,89.0,"Single-player, Multi-player, Co-op, Steam Achievements, Full controller support, Steam Trading Cards, Camera Comfort, Custom Volume Controls, Playable without Timed Input, Save Anytime, Stereo Sound, Surround Sound, Remote Play on Phone, Remote Play on Tablet, Remote Play on TV, Family Sharing",0
654,Stardew Valley,2016-02-25,89.0,4.39,2433,"Indie, RPG, Simulation",413150,413150,Stardew Valley,False,899.0,89.0,"Single-player, Multi-player, Co-op, Online Co-op, LAN Co-op, Shared/Split Screen Co-op, Shared/Split Screen, Steam Achievements, Full controller support, Steam Trading Cards, Steam Cloud, Remote Play on Phone, Remote Play on Tablet, Remote Play Together, Family Sharing",0
10754,BioShock Remastered,2016-09-15,,4.24,1416,Shooter,409710,409710,BioShock™ Remastered,False,499.0,80.0,"Single-player, Steam Achievements, Full controller support, Steam Trading Cards, Steam Cloud, Commentary available, Remote Play on Phone, Remote Play on Tablet, Remote Play on TV, Family Sharing",0
10035,Hitman,2016-03-11,83.0,3.93,2020,"Shooter, Action, Simulation",1659040,1659040,HITMAN World of Assassination,False,299.0,87.0,"Single-player, Steam Achievements, Full controller support, Tracked Controller Support, VR Supported, Custom Volume Controls, Playable without Timed Input, Stereo Sound, Subtitle Options, Surround Sound, Steam Cloud, Family Sharing",0
1447,Deus Ex: Mankind Divided,2016-08-22,83.0,3.96,2007,"Action, RPG",337000,337000,Deus Ex: Mankind Divided,False,2008.0,83.0,"Single-player, Steam Achievements, Full controller support, Steam Trading Cards, Camera Comfort, Custom Volume Controls, Adjustable Difficulty, Playable without Timed Input, Save Anytime, Stereo Sound, Subtitle Options, Surround Sound, Steam Cloud, Family Sharing",0
58134,Marvel's Spider-Man,2018-09-07,87.0,4.45,3674,Action,1817070,1817070,Marvel’s Spider-Man Remastered,False,2399.0,,"Single-player, Steam Achievements, Adjustable Text Size, Camera Comfort, Color Alternatives, Custom Volume Controls, Adjustable Difficulty, Playable without Timed Input, Save Anytime, Stereo Sound, Subtitle Options, Surround Sound, Partial Controller Support, Steam Cloud, Remote Play on TV, Family Sharing",0
29177,Detroit: Become Human,2018-05-25,79.0,4.34,3278,"Adventure, Action",1222140,1222140,Detroit: Become Human,False,1299000.0,80.0,"Single-player, Steam Achievements, Full controller support, Steam Cloud, Remote Play on TV, Family Sharing",0
39,Prey,2017-05-05,80.0,4.28,2227,"Shooter, Action, RPG",480490,480490,Prey,False,599.0,,"Single-player, Steam Achievements, Full controller support, Steam Trading Cards, Color Alternatives, Save Anytime, Stereo Sound, Surround Sound, Steam Cloud, Remote Play on TV, Family Sharing",0
12447,The Elder Scrolls V: Skyrim Special Edition,2016-10-27,74.0,4.45,1963,"Action, RPG",489830,489830,The Elder Scrolls V: Skyrim Special Edition,False,999.0,74.0,"Single-player, Steam Achievements, Playable without Timed Input, Save Anytime, Stereo Sound, Surround Sound, Partial Controller Support, Steam Cloud, Remote Play on Phone, Remote Play on Tablet, Family Sharing",0
864,Dishonored 2,2016-11-10,86.0,4.26,2018,"Action, RPG",403640,403640,Dishonored 2,False,599.0,86.0,"Single-player, Steam Achievements, Steam Trading Cards, Color Alternatives, Adjustable Difficulty, Playable without Timed Input, Stereo Sound, Surround Sound, Partial Controller Support, Steam Cloud, Remote Play on Tablet, Remote Play on TV, Family Sharing",0
9882,Don't Starve Together,2016-04-21,83.0,3.77,1390,"Indie, Action, Simulation",322330,322330,Don't Starve Together,False,1835.0,83.0,"Single-player, Multi-player, PvP, Online PvP, LAN PvP, Co-op, Online Co-op, LAN Co-op, Full controller support, Steam Trading Cards, Steam Workshop, In-App Purchases, Adjustable Text Size, Camera Comfort, Color Alternatives, Custom Volume Controls, Adjustable Difficulty, Keyboard Only Option, Mouse Only Option, Playable without Timed Input, Save Anytime, Stereo Sound, Remote Play on Phone, Remote Play on Tablet, Remote Play on TV, Family Sharing",0
12536,Hellblade: Senua's Sacrifice,2017-08-07,83.0,4.22,2289,"Indie, Adventure, Action",414340,414340,Hellblade: Senua's Sacrifice,False,749.0,83.0,"Single-player, Steam Achievements, Full controller support, Steam Trading Cards, Steam Cloud, Remote Play on TV, Family Sharing",0
362,For Honor,2017-02-13,76.0,3.3,1678,"Massively Multiplayer, Action",304390,304390,FOR HONOR™,False,149.0,76.0,"Single-player, Multi-player, PvP, Online PvP, Co-op, Online Co-op, Steam Achievements, Steam Trading Cards, In-App Purchases, Partial Controller Support",0
58812,Control,2019-08-27,84.0,4.15,2012,"Shooter, Adventure, Action",870780,870780,Control Ultimate Edition,False,599.0,85.0,"Single-player, Steam Achievements, Full controller support, Steam Trading Cards, Steam Cloud, Remote Play on Phone, Remote Play on Tablet, Remote Play on TV, HDR available, Family Sharing",0
257201,Star Wars Jedi: Fallen Order,2019-11-15,80.0,4.14,2263,"Adventure, Action",1172380,1172380,STAR WARS Jedi: Fallen Order™,False,399.0,81.0,"Single-player, Steam Achievements, Full controller support, Steam Trading Cards, Adjustable Difficulty, Stereo Sound, Surround Sound, Remote Play on Tablet, Remote Play on TV, HDR available",0
3017,Just Cause 3,2015-11-30,74.0,3.41,1573,"Shooter, Action",225540,225540,Just Cause™ 3,False,299.0,74.0,"Single-player, Steam Achievements, Full controller support, Steam Trading Cards, Steam Cloud, Remote Play on Phone, Remote Play on Tablet, Remote Play on TV, Family Sharing",0
50738,Death Stranding,2019-11-08,84.0,4.32,2090,"Adventure, Action",1850570,1850570,DEATH STRANDING DIRECTOR'S CUT,False,1599.0,85.0,"Single-player, Steam Achievements, Full controller support, Steam Trading Cards, Adjustable Text Size, Camera Comfort, Custom Volume Controls, Adjustable Difficulty, Playable without Timed Input, Save Anytime, Stereo Sound, Subtitle Options, Surround Sound, Steam Cloud, HDR available, Family Sharing",0
11142,BioShock 2 Remastered,2016-09-15,,4.0,1009,"Action, RPG",409720,409720,BioShock™ 2 Remastered,False,299.0,,"Single-player, Steam Achievements, Full controller support, Steam Trading Cards, Steam Cloud, Family Sharing",0
274755,Hades,2020-09-17,93.0,4.42,2054,"Indie, Adventure, Action, RPG",1145350,1145350,Hades II,False,2924.0,94.0,"Single-player, Steam Achievements, Full controller support, Steam Trading Cards, Captions available, Steam Cloud, Family Sharing",0
10141,NieR:Automata,2017-03-17,86.0,4.37,2151,"Action, RPG",524220,524220,NieR:Automata™,False,1599.0,84.0,"Single-player, Steam Achievements, Steam Trading Cards, Partial Controller Support, Steam Cloud, Remote Play on Phone, Remote Play on Tablet, Family Sharing",0
108,Mortal Kombat X,2015-04-07,76.0,3.86,2109,"Action, Fighting",976310,976310,Mortal Kombat 11,False,699.0,82.0,"Single-player, Multi-player, PvP, Online PvP, Shared/Split Screen PvP, Steam Achievements, Full controller support, Steam Trading Cards, In-App Purchases, Custom Volume Controls, Keyboard Only Option, Narrated Game Menus, Stereo Sound, Surround Sound, Steam Cloud, Remote Play on Phone, Remote Play on Tablet, Remote Play on TV, Remote Play Together, HDR available, Family Sharing",0
108,Mortal Kombat X,2015-04-07,76.0,3.86,2109,"Action, Fighting",976310,976310,Mortal Kombat 11,False,499.0,82.0,"Single-player, Multi-player, PvP, Online PvP, Shared/Split Screen PvP, Steam Achievements, Full controller support, Steam Trading Cards, In-App Purchases, Custom Volume Controls, Keyboard Only Option, Narrated Game Menus, Stereo Sound, Surround Sound, Steam Cloud, Remote Play on Phone, Remote Play on Tablet, Remote Play on TV, Remote Play Together, HDR available, Family Sharing",0
11147,ARK: Survival Of The Fittest,2016-03-15,,2.6,523,"Action, RPG, Strategy, Indie, Massively Multiplayer",407530,407530,ARK: The Survival Of The Fittest,False,,,"Multi-player, Co-op, Steam Workshop, Partial Controller Support, Stats, Steam Leaderboards, Includes level editor, Family Sharing",0
46889,Monster Hunter: World,2018-01-26,89.0,4.01,1622,"Adventure, Action, RPG",582010,582010,Monster Hunter: World,False,989.0,88.0,"Single-player, Multi-player, Co-op, Steam Achievements, Steam Trading Cards, Adjustable Text Size, Camera Comfort, Custom Volume Controls, Keyboard Only Option, Stereo Sound, Surround Sound, Partial Controller Support, Steam Cloud, Stats, Steam Leaderboards, Remote Play on Tablet, HDR available, Family Sharing",0
3191,Mad Max,2015-08-31,73.0,3.78,1743,"Adventure, Action",234140,234140,Mad Max,False,299.0,73.0,"Single-player, Steam Achievements, Full controller support, Steam Trading Cards, Steam Cloud, Remote Play on Phone, Remote Play on Tablet, Remote Play on TV, Family Sharing",0
25,Middle-earth: Shadow of War,2017-09-27,82.0,3.86,1375,"Action, RPG",356190,356190,Middle-earth™: Shadow of War™,False,499.0,,"Single-player, Steam Achievements, Full controller support, Steam Trading Cards, In-App Purchases, Steam Cloud, Family Sharing",0
480,Resident Evil 7: Biohazard,2017-01-23,85.0,4.33,1961,"Shooter, Adventure, Action",418370,418370,Resident Evil 7 Biohazard,False,799.0,83.0,"Single-player, Steam Achievements, Full controller support, Steam Trading Cards, Steam Cloud, HDR available, Family Sharing",0
10989,Paladins,2016-09-15,78.0,3.08,1414,"Shooter, Action",444090,444090,Paladins®,True,,83.0,"Multi-player, PvP, Online PvP, Cross-Platform Multiplayer, Steam Achievements, Full controller support, Steam Trading Cards, In-App Purchases, Remote Play on Phone, Remote Play on Tablet",0
923,Titanfall 2,2016-10-28,87.0,4.31,2061,"Shooter, Action",1237970,1237970,Titanfall® 2,False,449.0,86.0,"Single-player, Multi-player, PvP, Online PvP, Steam Achievements, Full controller support, Steam Trading Cards, Remote Play on Phone, Remote Play on Tablet, Remote Play on TV",0
9810,ARK: Survival Evolved,2015-06-02,70.0,3.07,665,"Adventure, Action, RPG, Indie, Massively Multiplayer",346110,346110,ARK: Survival Evolved,False,270600.0,70.0,"Для одного игрока, Для нескольких игроков, MMO, Кооператив, Достижения Steam, Полная поддержка контроллеров, Мастерская Steam, Steam Cloud, Включён античит Valve, С редактором уровней, Remote Play на планшете, Семейный доступ",0
10065,Cities: Skylines,2015-03-10,85.0,4.12,1526,"Strategy, Simulation",949230,949230,Cities: Skylines II,False,3999.0,,"Single-player, Steam Achievements, Full controller support, Steam Cloud, Family Sharing",0
13627,Undertale,2015-09-14,92.0,4.35,1871,"Indie, RPG",391540,391540,Undertale,False,174.0,92.0,"Single-player, Steam Trading Cards, Remote Play on Phone, Remote Play on Tablet, Family Sharing",0
45969,Warhammer: Vermintide 2,2018-03-08,82.0,3.61,776,"Indie, Action",552500,552500,Warhammer: Vermintide 2,False,299.0,82.0,"Single-player, Multi-player, Co-op, Online Co-op, Steam Achievements, Full controller support, Steam Trading Cards, Family Sharing",0
23585,Far Cry 5,2018-03-27,80.0,3.72,2153,"Shooter, Action",552520,552520,Far Cry® 5,False,899.0,,"Single-player, Multi-player, Co-op, Online Co-op, Steam Achievements, Steam Trading Cards, Captions available, In-App Purchases, Partial Controller Support, Includes level editor, HDR available",0
51329,Shadow of the Tomb Raider,2018-09-14,78.0,3.91,1645,"Adventure, Action",391220,391220,Rise of the Tomb Raider™,False,299.0,86.0,"Single-player, Steam Achievements, Full controller support, Tracked Controller Support, VR Supported, Steam Trading Cards, Steam Cloud, Steam Leaderboards, Remote Play on Phone, Remote Play on Tablet, Remote Play on TV, Family Sharing",0
51329,Shadow of the Tomb Raider,2018-09-14,78.0,3.91,1645,"Adventure, Action",391220,391220,Rise of the Tomb Raider™,False,149.0,86.0,"Single-player, Steam Achievements, Full controller support, Tracked Controller Support, VR Supported, Steam Trading Cards, Steam Cloud, Steam Leaderboards, Remote Play on Phone, Remote Play on Tablet, Remote Play on TV, Family Sharing",0
1450,INSIDE,2016-06-28,87.0,4.39,2562,"Adventure, Action, Puzzle, Indie, Platformer",1987080,1987080,Inside the Backrooms,False,594.0,,"Single-player, Multi-player, Co-op, Online Co-op, Steam Achievements, Tracked Controller Support, Steam Workshop, Family Sharing",0
28201,Metro Exodus,2019-02-13,81.0,4.17,1696,"Shooter, Action",412020,412020,Metro Exodus,False,449.0,85.0,"Single-player, Steam Achievements, Full controller support, Steam Trading Cards, Steam Cloud, Remote Play on Phone, Remote Play on Tablet, Remote Play on TV, Family Sharing",0
50734,Sekiro: Shadows Die Twice,2019-03-22,90.0,4.38,2101,"Action, RPG",814380,814380,Sekiro™: Shadows Die Twice - GOTY Edition,False,2999.0,88.0,"Single-player, Steam Achievements, Full controller support, Steam Trading Cards, Steam Cloud, Remote Play on Tablet, Remote Play on TV, Family Sharing",0
2819,Firewatch,2016-02-08,81.0,4.3,2481,"Indie, Adventure",383870,383870,Firewatch,False,399.0,81.0,"Single-player, Steam Achievements, Full controller support, Steam Trading Cards, Steam Cloud, Remote Play on Phone, Remote Play on Tablet, Remote Play on TV, Family Sharing",0
58616,Assassin's Creed Odyssey,2018-10-05,85.0,3.98,2094,"Action, RPG",812140,812140,Assassin's Creed® Odyssey,False,8985.0,,"Single-player, Steam Achievements, Steam Trading Cards, Captions available, In-App Purchases, Camera Comfort, Custom Volume Controls, Adjustable Difficulty, Keyboard Only Option, Mouse Only Option, Playable without Timed Input, Save Anytime, Stereo Sound, Surround Sound, Partial Controller Support, Remote Play on Phone, Remote Play on Tablet, HDR available",0
8488,Tom Clancy's Rainbow Six Siege,2015-12-01,75.0,3.88,1509,"Shooter, Action",359550,359550,Tom Clancy's Rainbow Six® Siege X,True,,,"Single-player, Multi-player, PvP, Online PvP, Co-op, Online Co-op, Full controller support, Steam Trading Cards, In-App Purchases, Remote Play on Phone, Remote Play on Tablet",0
2093,No Man's Sky,2016-08-09,75.0,3.71,1570,"Adventure, Action, RPG, Simulation, Indie, Massively Multiplayer",275850,275850,No Man's Sky,False,2399.0,61.0,"Single-player, Multi-player, PvP, Online PvP, Co-op, Online Co-op, Cross-Platform Multiplayer, Steam Achievements, Full controller support, Tracked Controller Support, VR Supported, Steam Trading Cards, Adjustable Text Size, Camera Comfort, Chat Speech-to-text, Color Alternatives, Custom Volume Controls, Adjustable Difficulty, Playable without Timed Input, Save Anytime, Stereo Sound, Subtitle Options, Surround Sound, Steam Cloud, Remote Play on Tablet, Remote Play on TV, HDR available, Family Sharing",0
262382,Disco Elysium,2019-10-14,91.0,4.37,1317,"Indie, Adventure, RPG",632470,632470,Disco Elysium - The Final Cut,False,454.0,97.0,"Single-player, Steam Achievements, Full controller support, Steam Trading Cards, Steam Cloud, Remote Play on Tablet, Family Sharing",0
58654,Hitman 2,2018-11-13,83.0,4.05,1220,"Shooter, Action",6850,6850,Hitman 2: Silent Assassin,False,89.0,87.0,"Single-player, Steam Cloud, Family Sharing",0
28154,Cuphead,2017-09-29,87.0,4.37,2022,"Platformer, Indie, Action",268910,268910,Cuphead,False,1399.0,88.0,"Single-player, Multi-player, Co-op, Shared/Split Screen Co-op, Shared/Split Screen, Steam Achievements, Full controller support, Steam Trading Cards, Steam Cloud, Remote Play on Phone, Remote Play on Tablet, Remote Play on TV, Remote Play Together, Family Sharing",0
326243,Elden Ring,2022-02-25,95.0,4.39,1426,"Action, RPG",2622380,2622380,ELDEN RING NIGHTREIGN,False,2999.0,,"Single-player, Multi-player, Co-op, Online Co-op, Steam Achievements, Full controller support, Camera Comfort, Custom Volume Controls, Playable without Timed Input, Stereo Sound, Surround Sound, Steam Cloud, Family Sharing",0
11052,Titan Quest Anniversary Edition,2016-08-31,,3.78,790,"Action, RPG",475150,475150,Titan Quest Anniversary Edition,False,499.0,,"Single-player, Multi-player, PvP, Online PvP, Co-op, Online Co-op, Steam Achievements, Steam Trading Cards, Steam Workshop, Partial Controller Support, Steam Cloud, Includes level editor, Family Sharing",0
28153,Assassin's Creed Origins,2017-10-27,81.0,3.97,2091,"Action, RPG",582160,582160,Assassin's Creed® Origins,False,599.0,,"Single-player, Steam Achievements, Steam Trading Cards, Captions available, In-App Purchases, Camera Comfort, Custom Volume Controls, Adjustable Difficulty, Keyboard Only Option, Mouse Only Option, Playable without Timed Input, Save Anytime, Stereo Sound, Surround Sound, Partial Controller Support, Remote Play on Tablet, HDR available",0
58777,DOOM Eternal,2020-03-20,86.0,4.37,1412,"Shooter, Action",782330,782330,DOOM Eternal,False,999.0,88.0,"Single-player, Multi-player, PvP, Online PvP, Steam Achievements, Steam Trading Cards, Color Alternatives, Adjustable Difficulty, Stereo Sound, Surround Sound, Partial Controller Support, Steam Cloud, Remote Play on Phone, Remote Play on Tablet, HDR available, Family Sharing",0
356714,Among Us,2018-07-25,82.0,3.84,1323,"Casual, Action, Simulation",945360,945360,Among Us,False,149.0,85.0,"Multi-player, PvP, Online PvP, LAN PvP, Co-op, Online Co-op, LAN Co-op, Cross-Platform Multiplayer, Steam Achievements, Full controller support, Steam Trading Cards, In-App Purchases, Remote Play on Phone, Remote Play on Tablet, Family Sharing",0
58751,Halo Infinite,2021-12-08,84.0,3.65,724,"Shooter, Adventure, Action",1240440,1240440,Halo Infinite,True,,,"Multi-player, PvP, Online PvP, LAN PvP, Cross-Platform Multiplayer, Steam Achievements, Full controller support, In-App Purchases, Steam Cloud, Includes level editor, Remote Play on TV",0
2792,Layers of Fear,2016-02-16,72.0,3.54,1119,"Indie, Adventure",1946700,1946700,Layers of Fear,False,1199.0,,"Single-player, Steam Achievements, Partial Controller Support, Steam Cloud, Family Sharing",0
998,Battlefield 1,2016-10-21,88.0,3.84,1965,"Shooter, Action",1238840,1238840,Battlefield™ 1,False,3999.0,,"Single-player, Multi-player, PvP, Online PvP, Steam Achievements, Full controller support, Steam Trading Cards, HDR available",0
1256,XCOM 2,2016-02-04,88.0,4.1,1308,"Strategy, RPG",268500,268500,XCOM® 2,False,4490.0,88.0,"Enkeltspiller, Steam-prestasjoner, Steam-samlekort, Steam Workshop, Steam Cloud, Remote Play på nettbrett, Familiedeling",0
17959,Ori and the Blind Forest: Definitive Edition,2016-04-27,88.0,4.42,1709,"Platformer, Adventure",387290,387290,Ori and the Blind Forest: Definitive Edition,False,499.0,88.0,"Single-player, Steam Achievements, Full controller support, Steam Cloud, Stats, Remote Play on Phone, Remote Play on Tablet, Remote Play on TV, Family Sharing",0
17959,Ori and the Blind Forest: Definitive Edition,2016-04-27,88.0,4.42,1709,"Platformer, Adventure",387290,387290,Ori and the Blind Forest: Definitive Edition,False,499.0,88.0,"Single-player, Steam Achievements, Full controller support, Steam Cloud, Stats, Remote Play on Phone, Remote Play on Tablet, Remote Play on TV, Family Sharing",0
19590,Ori and the Blind Forest,2015-03-10,88.0,4.38,1523,"Platformer, Adventure",387290,387290,Ori and the Blind Forest: Definitive Edition,False,499.0,88.0,"Single-player, Steam Achievements, Full controller support, Steam Cloud, Stats, Remote Play on Phone, Remote Play on Tablet, Remote Play on TV, Family Sharing",0
19590,Ori and the Blind Forest,2015-03-10,88.0,4.38,1523,"Platformer, Adventure",387290,387290,Ori and the Blind Forest: Definitive Edition,False,499.0,88.0,"Single-player, Steam Achievements, Full controller support, Steam Cloud, Stats, Remote Play on Phone, Remote Play on Tablet, Remote Play on TV, Family Sharing",0
10297,Sid Meier’s Civilization VI,2016-10-20,88.0,4.16,1414,"Strategy, Simulation",289070,289070,Sid Meier’s Civilization® VI,False,5990.0,88.0,"Enkeltspiller, Flerspiller, PvP, PvP på nett, PvP via LAN, PvP med delt skjerm, Delt skjerm, Flerspiller på tvers av plattformer, Steam-prestasjoner, Steam-samlekort, Steam Workshop, Kjøp i app, Steam-varsler for ny runde, Remote Play på nettbrett, Remote Play Together, Familiedeling",0
28172,Kingdom Come: Deliverance,2018-02-13,71.0,4.04,1444,"Adventure, Action, RPG",1771300,1771300,Kingdom Come: Deliverance II,False,2999.0,88.0,"Single-player, Steam Achievements, Full controller support, Steam Trading Cards, Custom Volume Controls, Playable without Timed Input, Stereo Sound, Surround Sound, Steam Cloud, Family Sharing",0
3168,SOMA,2015-09-21,84.0,4.16,1435,"Indie, Adventure, Action",282140,282140,SOMA,False,749.0,84.0,"Single-player, Steam Achievements, Full controller support, Steam Trading Cards, Steam Workshop, Steam Cloud, Remote Play on TV, Remote Play Together, Family Sharing",0
51325,The Last of Us Part II,2020-06-19,93.0,4.41,1954,"Shooter, Adventure, Action",2531310,2531310,The Last of Us™ Part II Remastered,False,3999.0,,"Single-player, Steam Achievements, Full controller support, Adjustable Text Size, Camera Comfort, Color Alternatives, Custom Volume Controls, Adjustable Difficulty, Narrated Game Menus, Save Anytime, Stereo Sound, Subtitle Options, Surround Sound, Steam Cloud, HDR available, Family Sharing",0
10061,Watch Dogs 2,2016-11-28,79.0,3.84,1761,"Adventure, Action",447040,447040,Watch_Dogs® 2,False,499.0,,"Single-player, Multi-player, Co-op, Steam Achievements, In-App Purchases, Partial Controller Support",0
28202,Wolfenstein II: The New Colossus,2017-10-25,86.0,4.09,1761,"Shooter, Action",612880,612880,Wolfenstein II: The New Colossus,False,599.0,86.0,"Single-player, Steam Achievements, Full controller support, Color Alternatives, Save Anytime, Stereo Sound, Surround Sound, Steam Cloud, Remote Play on TV, Family Sharing",0
11726,Dead Cells,2018-08-07,88.0,4.24,1727,"Platformer, Indie, Action, RPG",588650,588650,Dead Cells,False,1499.0,89.0,"Single-player, Steam Achievements, Full controller support, Steam Trading Cards, Steam Workshop, Steam Cloud, Remote Play on Phone, Remote Play on Tablet, Remote Play on TV, Family Sharing",0
906,Call of Duty: Black Ops III,2015-11-06,73.0,3.28,1494,"Shooter, Action",311210,311210,Call of Duty®: Black Ops III,False,1484.0,73.0,"Single-player, Multi-player, Co-op, Shared/Split Screen, Steam Achievements, Full controller support, Steam Trading Cards, Steam Workshop, Valve Anti-Cheat enabled, Steam Leaderboards, Remote Play on Phone, Remote Play on Tablet, Remote Play on TV, Remote Play Together, Family Sharing",0
10073,Divinity: Original Sin 2,2017-09-14,95.0,4.38,1650,"Strategy, RPG",435150,435150,Divinity: Original Sin 2 - Definitive Edition,False,1124.0,93.0,"Single-player, Multi-player, PvP, Online PvP, Shared/Split Screen PvP, Co-op, Online Co-op, Shared/Split Screen Co-op, Shared/Split Screen, Steam Achievements, Full controller support, Steam Trading Cards, Captions available, Steam Workshop, Steam Cloud, Includes level editor, Remote Play on Tablet, Remote Play on TV, Remote Play Together, Family Sharing",0
10548,Darksiders Warmastered Edition,2016-11-29,79.0,3.68,935,"Action, RPG",462780,462780,Darksiders Warmastered Edition,False,499.0,,"Single-player, Steam Achievements, Full controller support, Steam Trading Cards, Steam Cloud, Remote Play on Phone, Remote Play on Tablet, Remote Play on TV, Family Sharing",0
43877,Quake Champions,2017-08-22,,3.26,1016,"Shooter, Action",611500,611500,Quake Champions,True,,,"Multi-player, PvP, Online PvP, Steam Achievements",0
10419,Subnautica,2018-01-23,83.0,4.25,1464,"Indie, Adventure",264710,264710,Subnautica,False,749.0,87.0,"Single-player, Steam Achievements, Full controller support, VR Supported, Steam Trading Cards, VR Support, Steam Cloud, Remote Play on TV, Family Sharing",0
559,Fallout Shelter,2015-06-15,63.0,3.42,1524,"RPG, Simulation",588430,588430,Fallout Shelter,True,,63.0,"Single-player, Steam Achievements, Full controller support, In-App Purchases, Playable without Timed Input, Stereo Sound, Steam Cloud, Stats",0
59359,A Plague Tale: Innocence,2019-05-13,82.0,4.15,1517,"Adventure, Action",752590,752590,A Plague Tale: Innocence,False,799.0,81.0,"Single-player, Steam Achievements, Full controller support, Steam Trading Cards, Steam Cloud, Remote Play on Phone, Remote Play on Tablet, Remote Play on TV, Family Sharing",0
2572,DiRT Rally,2015-12-07,86.0,3.69,672,"Racing, Simulation, Sports",690790,690790,DiRT Rally 2.0,False,1399.0,84.0,"Single-player, Multi-player, PvP, Online PvP, Steam Achievements, Full controller support, VR Supported, Steam Cloud, Valve Anti-Cheat enabled, Family Sharing",0
1244,Darkest Dungeon,2016-01-18,84.0,4.17,1352,"Strategy, Indie, RPG",262060,262060,Darkest Dungeon®,False,374.0,84.0,"Single-player, Steam Achievements, Steam Trading Cards, Partial Controller Support, Steam Cloud, Remote Play on Tablet, Family Sharing",0
6617,Quantum Break,2016-04-05,66.0,3.91,1333,"Shooter, Action",474960,474960,Quantum Break,False,799.0,66.0,"Single-player, Steam Achievements, Full controller support, Steam Cloud, Remote Play on TV, Family Sharing",0
58755,Devil May Cry 5,2019-03-08,88.0,4.25,1532,Action,601150,601150,Devil May Cry 5,False,749.0,89.0,"Single-player, Multi-player, Co-op, Online Co-op, Steam Achievements, Full controller support, Steam Trading Cards, Steam Cloud, Remote Play on TV, HDR available, Family Sharing",0
492,Yakuza 0,2015-03-12,85.0,4.37,1130,"Action, RPG",2988580,2988580,Yakuza 0 Director's Cut,False,1499.0,,"Single-player, Multi-player, Co-op, Online Co-op, Steam Achievements, Full controller support, Custom Volume Controls, Adjustable Difficulty, Stereo Sound, Steam Cloud, Family Sharing",0
29338,Days Gone,2019-04-26,74.0,3.97,1380,Action,1259420,1259420,Days Gone,False,7980.0,,"Single-player, Steam Achievements, Full controller support, Adjustable Text Size, Camera Comfort, Color Alternatives, Custom Volume Controls, Adjustable Difficulty, Narrated Game Menus, Playable without Timed Input, Save Anytime, Stereo Sound, Subtitle Options, Surround Sound, Steam Cloud, Family Sharing",0
1169,Mafia III,2016-10-06,62.0,3.14,1367,"Adventure, Action",360430,360430,Mafia III: Definitive Edition,False,599.0,,"Single-player, Steam Achievements, Full controller support, Steam Trading Cards, Steam Cloud, Remote Play on Tablet, Remote Play on TV, Family Sharing",0
7819,SUPERHOT,2016-02-24,82.0,4.19,1536,"Shooter, Indie, Action",617830,617830,SUPERHOT VR,False,899.0,83.0,"Single-player, Steam Achievements, Tracked Controller Support, VR Supported, SteamVR Collectibles, Steam Leaderboards, Family Sharing",0
817974,Wallpaper Engine,2016-10-10,,4.04,257,Casual,431960,431960,Wallpaper Engine,False,519.0,,"Steam Achievements, Steam Trading Cards, Steam Workshop, Steam Workshop, Includes level editor",0
42,What Remains of Edith Finch,2017-04-23,89.0,4.38,2024,"Indie, Adventure",501300,501300,What Remains of Edith Finch,False,499.0,89.0,"Single-player, Steam Achievements, Full controller support, Steam Trading Cards, Steam Cloud, Remote Play on TV, Family Sharing",0
21924,Call of Duty: WWII,2017-11-03,77.0,3.55,1175,"Shooter, Action",1938090,1938090,Call of Duty®,False,,,"Single-player, Multi-player, PvP, Online PvP, Co-op, Online Co-op, Cross-Platform Multiplayer, Steam Achievements, Captions available, In-App Purchases, Adjustable Text Size, Camera Comfort, Color Alternatives, Custom Volume Controls, Playable without Timed Input, Stereo Sound, Subtitle Options, Surround Sound, Partial Controller Support, HDR available",0
3408,Hotline Miami 2: Wrong Number,2015-03-09,72.0,4.28,1323,"Indie, Shooter, Arcade, Action",274170,274170,Hotline Miami 2: Wrong Number,False,221.0,,"Single-player, Steam Achievements, Full controller support, Steam Workshop, Steam Cloud, Steam Leaderboards, Includes level editor, Remote Play on TV, Family Sharing",0
28199,Ori and the Will of the Wisps,2020-03-10,91.0,4.42,1291,"Platformer, Adventure, Action",1057090,1057090,Ori and the Will of the Wisps,False,749.0,88.0,"Single-player, Steam Achievements, Full controller support, Steam Cloud, Remote Play on Phone, Remote Play on Tablet, Remote Play on TV, HDR available, Family Sharing",0
1774,Grim Fandango Remastered,2015-01-26,84.0,4.0,903,"Adventure, Puzzle",316790,316790,Grim Fandango Remastered,False,299.0,84.0,"Single-player, Steam Achievements, Full controller support, Steam Trading Cards, Steam Cloud, Commentary available, Remote Play on TV, Remote Play Together, Family Sharing",0
2873,The Witness,2016-01-25,87.0,4.0,1276,"Indie, Adventure, Puzzle",210970,210970,The Witness,False,799.0,87.0,"Single-player, Steam Achievements, Captions available, Partial Controller Support, Steam Cloud, Remote Play on Phone, Remote Play on Tablet, Family Sharing",0
2733,Broforce,2015-10-15,83.0,4.02,1314,"Platformer, Indie, Action",274190,274190,Broforce,False,299.0,83.0,"Single-player, Multi-player, PvP, Online PvP, Shared/Split Screen PvP, Co-op, Online Co-op, Shared/Split Screen Co-op, Shared/Split Screen, Steam Achievements, Full controller support, Steam Trading Cards, Steam Cloud, Includes level editor, Remote Play on Phone, Remote Play on Tablet, Remote Play on TV, Remote Play Together, Family Sharing",0
274762,The Outer Worlds,2019-10-25,80.0,3.85,1481,"Shooter, Adventure, Action, RPG",1449110,1449110,The Outer Worlds 2,False,4899.0,,"Single-player, Steam Achievements, Full controller support, Steam Trading Cards, Custom Volume Controls, Adjustable Difficulty, Save Anytime, Stereo Sound, Subtitle Options, Surround Sound, Steam Cloud, Stats, Family Sharing",0
9600,The Forest,2018-04-30,,3.75,923,"Indie, Adventure, Action",1326470,1326470,Sons Of The Forest,False,929.0,,"Single-player, Multi-player, Co-op, Online Co-op, Steam Achievements, Full controller support, Steam Cloud, Family Sharing",0
16209,Kingdom: Classic,2015-09-21,74.0,3.39,577,"Strategy, Indie, Simulation",368230,368230,Kingdom: Classic,True,,74.0,"Single-player, Steam Achievements, Full controller support, Steam Trading Cards, Steam Cloud, Remote Play on Phone, Remote Play on Tablet, Remote Play on TV",0
22511,The Legend of Zelda: Breath of the Wild,2017-03-03,97.0,4.47,3160,"Adventure, Action, RPG",3516440,3516440,荒野国度 LEGENDS OF THE WILD,False,,,"Multi-player, PvP, Online PvP, Co-op, Online Co-op, In-App Purchases, Family Sharing",0
23322,Surviving Mars,2018-03-14,75.0,3.47,470,"Strategy, Simulation",3215050,3215050,Surviving Mars: Relaunched,False,3999.0,,"Single-player, Steam Achievements, Full controller support, Steam Workshop, Camera Comfort, Color Alternatives, Custom Volume Controls, Adjustable Difficulty, Mouse Only Option, Playable without Timed Input, Save Anytime, Steam Cloud, Family Sharing",0
58617,Borderlands 3,2019-09-13,83.0,3.87,964,"Shooter, Adventure, Action, RPG",397540,397540,Borderlands 3,False,499.0,81.0,"Single-player, Multi-player, Co-op, Online Co-op, LAN Co-op, Cross-Platform Multiplayer, Steam Achievements, Full controller support, Steam Trading Cards, Steam Cloud, Remote Play on Phone, Remote Play on Tablet, Remote Play on TV, Family Sharing",0
3371,Dark Souls II: Scholar of the First Sin,2015-04-01,79.0,4.15,1216,"Action, RPG",335300,335300,DARK SOULS™ II: Scholar of the First Sin,False,54900.0,79.0,"Single-player, Multi-player, Co-op, Steam Achievements, Full controller support, Remote Play on Phone, Remote Play on Tablet, Remote Play on TV, Family Sharing",0
752,SMITE,2015-08-19,83.0,3.05,803,Action,2437170,2437170,SMITE 2,True,,,"Multi-player, PvP, Online PvP, Co-op, Online Co-op, Cross-Platform Multiplayer, Steam Achievements, Full controller support, In-App Purchases",0
22121,Celeste,2018-01-25,91.0,4.37,1687,"Platformer, Indie",504230,504230,Celeste,False,499.0,88.0,"Single-player, Steam Achievements, Full controller support, Steam Trading Cards, Steam Cloud, Remote Play on Phone, Remote Play on Tablet, Remote Play on TV, Family Sharing",0
306124,Borderlands Game of the Year Enhanced,2019-04-03,78.0,3.79,1033,"Shooter, Action, RPG",729040,729040,Borderlands Game of the Year Enhanced,False,989.0,,"Single-player, Multi-player, Co-op, Online Co-op, Steam Achievements, Partial Controller Support, Steam Cloud, Family Sharing",0
45821,Frostpunk,2018-04-24,85.0,4.19,1055,"Strategy, Simulation",323190,323190,Frostpunk,False,299.0,84.0,"Single-player, Steam Achievements, Steam Trading Cards, Steam Cloud, Remote Play on Phone, Remote Play on Tablet, Family Sharing",0
2728,Tom Clancy’s The Division,2016-03-07,80.0,3.7,1342,"Shooter, Action, RPG",2221490,2221490,Tom Clancy’s The Division® 2,False,749.0,84.0,"Single-player, Multi-player, PvP, Online PvP, Co-op, Online Co-op, Steam Achievements, Captions available, In-App Purchases, Partial Controller Support, HDR available",0
15426,Black Mesa,2020-03-06,86.0,4.35,1067,"Shooter, Indie, Action",362890,362890,Black Mesa,False,499.0,84.0,"Single-player, Multi-player, PvP, Online PvP, Cross-Platform Multiplayer, Steam Achievements, Steam Trading Cards, Captions available, Steam Workshop, Partial Controller Support, Steam Cloud, Includes level editor, Includes Source SDK, Remote Play on Phone, Remote Play on Tablet, Family Sharing",0
2553,Ratchet & Clank,2016-04-12,85.0,4.05,1457,"Shooter, Adventure, Action",1895880,1895880,Ratchet & Clank: Rift Apart,False,2399.0,,"Single-player, Steam Achievements, Partial Controller Support, Steam Cloud, Family Sharing",0
42895,Assassin's Creed Syndicate,2015-10-23,74.0,3.66,1511,Action,368500,368500,Assassin's Creed® Syndicate,False,599.0,74.0,"Single-player, Steam Achievements, In-App Purchases, Custom Volume Controls, Adjustable Difficulty, Mouse Only Option, Save Anytime, Stereo Sound, Surround Sound, Partial Controller Support",0
9966,Dead by Daylight,2016-06-14,72.0,3.5,985,Action,381210,381210,Dead by Daylight,False,799.0,,"Multi-player, PvP, Online PvP, Co-op, Online Co-op, Cross-Platform Multiplayer, Steam Achievements, Full controller support, Steam Trading Cards, Steam Cloud, Remote Play on Phone, Remote Play on Tablet, Remote Play on TV, Family Sharing",0
58550,Ghost of Tsushima,2020-07-17,83.0,4.41,1117,"Adventure, Action, RPG",2215430,2215430,Ghost of Tsushima DIRECTOR'S CUT,False,3599.0,,"Single-player, Multi-player, PvP, Online PvP, Co-op, Online Co-op, Steam Achievements, Full controller support, Steam Trading Cards, Adjustable Text Size, Camera Comfort, Color Alternatives, Custom Volume Controls, Adjustable Difficulty, Playable without Timed Input, Save Anytime, Stereo Sound, Subtitle Options, Surround Sound, Steam Cloud, HDR available, Family Sharing",0
2115,Overcooked,2016-08-01,81.0,4.07,1349,"Casual, Indie, Arcade, Simulation",728880,728880,Overcooked! 2,False,574.0,81.0,"Single-player, Multi-player, PvP, Online PvP, Shared/Split Screen PvP, Co-op, Online Co-op, Shared/Split Screen Co-op, Shared/Split Screen, Steam Achievements, Full controller support, Steam Trading Cards, Steam Cloud, Remote Play on Phone, Remote Play on Tablet, Remote Play on TV, Remote Play Together, Family Sharing",0
9671,Rust,2018-02-09,66.0,3.37,856,"Shooter, Action, RPG, Indie, Massively Multiplayer",252490,252490,Rust,False,1999.0,69.0,"Multi-player, MMO, PvP, Online PvP, Co-op, Online Co-op, Cross-Platform Multiplayer, Steam Achievements, Steam Trading Cards, Steam Workshop, In-App Purchases, Valve Anti-Cheat enabled, Stats, Remote Play on Tablet",0
28152,STAR WARS Battlefront II,2017-11-17,74.0,3.58,1364,"Shooter, Adventure, Action",1237950,1237950,STAR WARS™ Battlefront™ II,False,399.0,,"Single-player, Multi-player, PvP, Online PvP, Steam Achievements, Steam Trading Cards",0
28152,STAR WARS Battlefront II,2017-11-17,74.0,3.58,1364,"Shooter, Adventure, Action",1237950,1237950,STAR WARS™ Battlefront™ II,False,399.0,,"Single-player, Multi-player, PvP, Online PvP, Steam Achievements, Steam Trading Cards",0
13247,Human: Fall Flat,2016-07-22,70.0,3.83,1023,"Indie, Action, Puzzle",477160,477160,Human Fall Flat,False,599.0,70.0,"Single-player, Multi-player, PvP, Online PvP, Co-op, Shared/Split Screen Co-op, Shared/Split Screen, Steam Achievements, Full controller support, Steam Trading Cards, Steam Workshop, Color Alternatives, Custom Volume Controls, Keyboard Only Option, Playable without Timed Input, Stereo Sound, Surround Sound, Steam Cloud, Stats, Remote Play on TV, Remote Play Together, Family Sharing",0
50778,A Way Out,2018-03-23,78.0,4.12,1605,"Adventure, Action",1222700,1222700,A Way Out,False,299.0,78.0,"Multi-player, Co-op, Online Co-op, Shared/Split Screen Co-op, Shared/Split Screen, Steam Achievements, Full controller support, Steam Trading Cards, Remote Play on Phone, Remote Play on Tablet, Remote Play on TV, Remote Play Together",0
46956,Doki Doki Literature Club!,2017-09-22,78.0,4.06,1289,"Indie, Adventure",698780,698780,Doki Doki Literature Club!,True,,,"Single-player, Remote Play on Phone, Remote Play on Tablet",0
3209,Until Dawn,2015-08-25,79.0,4.1,1741,"Adventure, Action",2172010,2172010,Until Dawn™,False,2999.0,,"Single-player, Steam Achievements, Full controller support, Adjustable Text Size, Camera Comfort, Custom Volume Controls, Adjustable Difficulty, Narrated Game Menus, Playable without Timed Input, Stereo Sound, Subtitle Options, Surround Sound, Steam Cloud, Family Sharing",0
750,FINAL FANTASY XV,2016-11-29,82.0,3.87,1421,RPG,2515020,2515020,FINAL FANTASY XVI,False,2499.0,,"Single-player, Steam Achievements, Full controller support, Steam Trading Cards, Captions available, Steam Cloud, HDR available, Family Sharing",0
3368,Titan Souls,2015-04-13,74.0,3.34,528,"Indie, Action",297130,297130,Titan Souls,False,147.0,74.0,"Single-player, Steam Achievements, Full controller support, Remote Play on TV, Family Sharing",0
274480,Mortal Kombat 11,2019-04-22,82.0,3.97,1137,"Adventure, Action, Fighting",976310,976310,Mortal Kombat 11,False,699.0,82.0,"Single-player, Multi-player, PvP, Online PvP, Shared/Split Screen PvP, Steam Achievements, Full controller support, Steam Trading Cards, In-App Purchases, Custom Volume Controls, Keyboard Only Option, Narrated Game Menus, Stereo Sound, Surround Sound, Steam Cloud, Remote Play on Phone, Remote Play on Tablet, Remote Play on TV, Remote Play Together, HDR available, Family Sharing",0
274480,Mortal Kombat 11,2019-04-22,82.0,3.97,1137,"Adventure, Action, Fighting",976310,976310,Mortal Kombat 11,False,499.0,82.0,"Single-player, Multi-player, PvP, Online PvP, Shared/Split Screen PvP, Steam Achievements, Full controller support, Steam Trading Cards, In-App Purchases, Custom Volume Controls, Keyboard Only Option, Narrated Game Menus, Stereo Sound, Surround Sound, Steam Cloud, Remote Play on Phone, Remote Play on Tablet, Remote Play on TV, Remote Play Together, HDR available, Family Sharing",0
16359,Divinity: Original Sin - Enhanced Edition,2015-10-27,94.0,4.25,1023,"Indie, RPG",373420,373420,Divinity: Original Sin - Enhanced Edition,False,399.0,94.0,"Single-player, Multi-player, Co-op, Shared/Split Screen, Cross-Platform Multiplayer, Steam Achievements, Full controller support, Steam Trading Cards, Captions available, Steam Cloud, Remote Play Together, Family Sharing",0
3346,Wolfenstein: The Old Blood,2015-05-04,76.0,4.0,1135,"Shooter, Action",350080,350080,Wolfenstein: The Old Blood,False,499.0,76.0,"Single-player, Steam Achievements, Color Alternatives, Playable without Timed Input, Stereo Sound, Partial Controller Support, Steam Cloud, Steam Leaderboards, Family Sharing",0
452638,Stray,2022-07-19,82.0,4.15,1227,"Adventure, Action, Puzzle, Indie, Platformer",1332010,1332010,Stray,False,1799.0,82.0,"Single-player, Steam Achievements, Full controller support, Steam Trading Cards, Steam Cloud, Remote Play on TV, Family Sharing",0
10449,Darksiders II Deathinitive Edition,2015-11-05,75.0,3.79,678,"Action, RPG",388410,388410,Darksiders II Deathinitive Edition,False,824.0,,"Single-player, Steam Achievements, Full controller support, Steam Trading Cards, Steam Cloud, Steam Leaderboards, Remote Play on Phone, Remote Play on Tablet, Remote Play on TV, Family Sharing",0
9653,Hacknet,2015-08-11,82.0,3.19,491,"Indie, Simulation",365450,365450,Hacknet,False,149.0,82.0,"Single-player, Steam Achievements, Steam Trading Cards, Captions available, Steam Workshop, Adjustable Text Size, Camera Comfort, Playable without Timed Input, Steam Cloud, Includes level editor, Family Sharing",0
51610,Dark Souls: Remastered,2018-05-23,84.0,4.47,1452,"Action, RPG",570940,570940,DARK SOULS™: REMASTERED,False,3999.0,84.0,"Single-player, Multi-player, Steam Achievements, Full controller support, Remote Play on Phone, Remote Play on Tablet, Remote Play on TV, Family Sharing",0
13628,Dear Esther: Landmark Edition,2017-02-14,,3.31,436,"Casual, Indie, Adventure",520720,520720,Dear Esther: Landmark Edition,False,199.0,,"Single-player, Steam Achievements, Full controller support, Steam Cloud, Commentary available, Remote Play on TV, Family Sharing",0
12320,Prison Architect,2015-10-05,83.0,3.73,586,"Strategy, Indie, Simulation",233450,233450,Prison Architect,False,624.0,83.0,"Single-player, Steam Achievements, Steam Trading Cards, Steam Workshop, Steam Cloud, Includes level editor, Family Sharing",0
10090,Beholder,2016-11-08,75.0,3.81,724,"Indie, Strategy, Adventure, RPG",475550,475550,Beholder,False,419.0,75.0,"Single-player, Steam Achievements, Steam Trading Cards, Partial Controller Support, Steam Cloud, Family Sharing",0
50781,Sea of Thieves,2018-03-20,68.0,3.69,1052,"Massively Multiplayer, Adventure, Action",1172620,1172620,Sea of Thieves: 2025 Edition,False,1399.0,,"Multi-player, PvP, Online PvP, Co-op, Online Co-op, Cross-Platform Multiplayer, Steam Achievements, Steam Trading Cards, In-App Purchases, Partial Controller Support, Remote Play on Phone, Remote Play on Tablet, Family Sharing",0
10092,Minion Masters,2019-05-24,,2.29,389,"Strategy, Indie, Action",489520,489520,Minion Masters,True,,,"Single-player, Multi-player, PvP, Online PvP, Co-op, Online Co-op, Cross-Platform Multiplayer, Steam Achievements, Full controller support, Steam Trading Cards, In-App Purchases, Steam Cloud, Remote Play on Tablet",0
455597,It Takes Two,2021-03-26,88.0,4.47,1691,"Platformer, Adventure, Action",1426210,1426210,It Takes Two,False,1099.0,89.0,"Multi-player, Co-op, Online Co-op, Shared/Split Screen Co-op, Shared/Split Screen, Steam Achievements, Full controller support, Steam Trading Cards, Stereo Sound, Surround Sound, Steam Cloud, Remote Play Together",0
15274,Jotun: Valhalla Edition,2015-09-29,79.0,3.07,510,"Indie, Action",323580,323580,Jotun: Valhalla Edition,False,1019.0,79.0,"Single-player, Steam Achievements, Full controller support, Steam Trading Cards, Steam Cloud, Remote Play on TV, Family Sharing",0
12569,Starbound,2016-07-22,81.0,3.82,851,"Casual, Indie, Action, RPG",211820,211820,Starbound,False,449.0,81.0,"Single-player, Multi-player, PvP, Online PvP, Co-op, Online Co-op, Cross-Platform Multiplayer, Steam Achievements, Steam Trading Cards, Steam Workshop, Family Sharing",0
58813,Resident Evil 2,2019-01-25,91.0,4.5,2243,"Shooter, Adventure, Action",883710,883710,Resident Evil 2,False,999.0,89.0,"Single-player, Steam Achievements, Full controller support, Steam Trading Cards, Steam Cloud, Remote Play on Tablet, Remote Play on TV, HDR available, Family Sharing",0
58813,Resident Evil 2,2019-01-25,91.0,4.5,2243,"Shooter, Adventure, Action",883710,883710,Resident Evil 2,False,999.0,89.0,"Single-player, Steam Achievements, Full controller support, Steam Trading Cards, Steam Cloud, Remote Play on Tablet, Remote Play on TV, HDR available, Family Sharing",0
829,Killing Floor 2,2016-11-18,75.0,3.53,813,Action,232090,232090,Killing Floor 2,False,299.0,75.0,"Single-player, Multi-player, PvP, Online PvP, Co-op, Online Co-op, Steam Achievements, Full controller support, Steam Trading Cards, Steam Workshop, In-App Purchases, Valve Anti-Cheat enabled, Includes level editor, Remote Play on Tablet, Remote Play on TV, Family Sharing",0
10001,Serious Sam Fusion 2017 (beta),2017-03-20,,3.05,327,"Indie, Action",564310,564310,Serious Sam Fusion 2017 (beta),False,149.0,,"Single-player, Multi-player, PvP, Online PvP, Shared/Split Screen PvP, Co-op, Online Co-op, Shared/Split Screen Co-op, Shared/Split Screen, Cross-Platform Multiplayer, Steam Achievements, Full controller support, Tracked Controller Support, VR Supported, Steam Workshop, Steam Cloud, Steam Leaderboards, Includes level editor, Remote Play Together, Family Sharing",0
2574,Enter the Gungeon,2016-04-04,84.0,4.07,1066,"Shooter, Indie, Action",311690,311690,Enter the Gungeon,False,2039.0,84.0,"Single-player, Multi-player, Shared/Split Screen, Steam Achievements, Full controller support, Steam Cloud, Remote Play on Phone, Remote Play on Tablet, Remote Play on TV, Remote Play Together, Family Sharing",0
17174,Resident Evil Revelations 2,2015-02-24,72.0,3.68,766,"Adventure, Action",883710,883710,Resident Evil 2,False,999.0,89.0,"Single-player, Steam Achievements, Full controller support, Steam Trading Cards, Steam Cloud, Remote Play on Tablet, Remote Play on TV, HDR available, Family Sharing",0
17174,Resident Evil Revelations 2,2015-02-24,72.0,3.68,766,"Adventure, Action",883710,883710,Resident Evil 2,False,999.0,89.0,"Single-player, Steam Achievements, Full controller support, Steam Trading Cards, Steam Cloud, Remote Play on Tablet, Remote Play on TV, HDR available, Family Sharing",0
397477,Resident Evil 3,2020-04-02,80.0,4.04,1049,"Shooter, Adventure, Action",952060,952060,Resident Evil 3,False,999.0,77.0,"Single-player, Multi-player, PvP, Online PvP, Steam Achievements, Full controller support, Steam Trading Cards, Steam Cloud, Remote Play on Tablet, HDR available, Family Sharing",0
442854,Mafia: Definitive Edition,2020-09-25,78.0,4.24,1098,"Shooter, Action",1030830,1030830,Mafia II: Definitive Edition,False,599.0,,"Single-player, Steam Achievements, Full controller support, Steam Trading Cards, Family Sharing",0
442855,Mafia II: Definitive Edition,2020-05-19,65.0,3.89,615,"Adventure, Action",813780,813780,Age of Empires II: Definitive Edition,False,1224.0,84.0,"Single-player, Multi-player, PvP, Online PvP, LAN PvP, Co-op, Online Co-op, LAN Co-op, Cross-Platform Multiplayer, Steam Achievements, Steam Trading Cards, Steam Cloud, Includes level editor, Family Sharing",0
2300,Drawful 2,2016-06-20,74.0,3.2,316,"Casual, Strategy, Indie",442070,442070,Drawful 2,False,399.0,,"Multi-player, PvP, Shared/Split Screen PvP, Steam Achievements, Full controller support, Steam Cloud, Remote Play on Phone, Remote Play on Tablet, Remote Play on TV, Remote Play Together, Family Sharing",0
295021,Orwell: Keeping an Eye On You,2016-10-27,77.0,3.28,556,"Indie, Adventure, Simulation, Puzzle",491950,491950,Orwell: Keeping an Eye On You,False,249.0,77.0,"Single-player, Steam Achievements, Steam Trading Cards, Steam Cloud, Family Sharing",0
28121,Slay the Spire,2019-01-22,86.0,4.37,1072,"Card, Strategy, Indie, RPG",646570,646570,Slay the Spire,False,249.0,89.0,"Single-player, Steam Achievements, Full controller support, Steam Trading Cards, Steam Workshop, Adjustable Text Size, Custom Volume Controls, Mouse Only Option, Playable without Timed Input, Save Anytime, Touch Only Option, Steam Cloud, Stats, Steam Leaderboards, Remote Play on Phone, Remote Play on Tablet, Remote Play on TV, Family Sharing",0
259801,Final Fantasy VII,2020-04-10,87.0,4.37,814,"Adventure, Action, RPG",2909400,2909400,FINAL FANTASY VII REBIRTH,False,3499.0,,"Single-player, Steam Achievements, Full controller support, Steam Trading Cards, Steam Cloud, HDR available, Family Sharing",0
9551,Deep Rock Galactic,2020-05-13,84.0,4.11,681,"Indie, Action",548430,548430,Deep Rock Galactic,False,449.0,85.0,"Single-player, Multi-player, Co-op, Online Co-op, Steam Achievements, Full controller support, Steam Trading Cards, Captions available, Camera Comfort, Color Alternatives, Custom Volume Controls, Adjustable Difficulty, Playable without Timed Input, Stereo Sound, Subtitle Options, Steam Cloud, Remote Play on Tablet, Remote Play on TV, Family Sharing",0
10040,Stellaris,2016-05-08,78.0,4.11,690,"Strategy, Simulation",281990,281990,Stellaris,False,999.0,78.0,"Single-player, Multi-player, Cross-Platform Multiplayer, Steam Achievements, Steam Trading Cards, Steam Workshop, Steam Cloud, Family Sharing",0
685577,Vampire Survivors,2022-10-20,,4.19,780,"Casual, Indie, Action, RPG",1794680,1794680,Vampire Survivors,False,374.0,86.0,"Single-player, Multi-player, Co-op, Online Co-op, Steam Achievements, Full controller support, Steam Trading Cards, Steam Cloud, Remote Play Together, Family Sharing",0
295,Oxenfree,2016-01-14,80.0,3.91,922,"Indie, Adventure, RPG",388880,388880,Oxenfree,False,999.0,80.0,"Single-player, Steam Achievements, Full controller support, Steam Trading Cards, Captions available, Steam Cloud, Remote Play on TV, Family Sharing",0
7381,ABZU,2016-08-02,83.0,3.92,1098,"Indie, Adventure, Simulation",384190,384190,ABZU,False,499.0,83.0,"Single-player, Steam Achievements, Full controller support, Steam Trading Cards, Family Sharing",0
9575,VRChat,2017-02-01,,3.14,530,"Adventure, Casual, Simulation, Sports, Massively Multiplayer",438100,438100,VRChat,True,,,"Multi-player, MMO, PvP, Online PvP, Co-op, Online Co-op, Cross-Platform Multiplayer, Full controller support, Tracked Controller Support, VR Supported, In-App Purchases",0
23557,Gwent: The Witcher Card Game,2018-10-23,80.0,3.59,1030,"Card, Strategy, Board Games, RPG",1284410,1284410,GWENT: The Witcher Card Game,True,,80.0,"Single-player, Multi-player, PvP, Online PvP, Cross-Platform Multiplayer, Steam Achievements, Steam Trading Cards, In-App Purchases, Camera Comfort, Color Alternatives, Custom Volume Controls, Mouse Only Option, Playable without Timed Input, Stereo Sound, Surround Sound, Partial Controller Support, Remote Play on Tablet",0
23587,Sonic Mania,2017-08-15,85.0,3.86,857,"Casual, Platformer, Adventure, Action",584400,584400,Sonic Mania,False,499.0,84.0,"Single-player, Multi-player, PvP, Shared/Split Screen PvP, Co-op, Shared/Split Screen Co-op, Shared/Split Screen, Steam Achievements, Full controller support, Steam Trading Cards, Steam Cloud, Steam Leaderboards, Remote Play on Phone, Remote Play on Tablet, Remote Play on TV, Remote Play Together, Family Sharing",0
452649,Resident Evil: Village,2021-05-07,83.0,4.39,1016,"Adventure, Action",1196590,1196590,Resident Evil Village,False,999.0,83.0,"Single-player, Steam Achievements, Full controller support, Steam Trading Cards, Steam Cloud, HDR available, Family Sharing",0
42215,Dying Light,2015-01-27,74.0,4.1,1395,"Adventure, Action, RPG",239140,239140,Dying Light,False,374.0,87.0,"Single-player, Multi-player, PvP, Online PvP, Co-op, Online Co-op, Steam Achievements, Full controller support, Steam Trading Cards, Steam Workshop, Steam Cloud, Valve Anti-Cheat enabled, Includes level editor, Remote Play on Tablet, Remote Play on TV, Family Sharing",0
6879,The Flame in the Flood,2016-02-23,73.0,2.9,397,"Indie, Action, Simulation",1222300,1222300,Into The Flames,False,279.0,,"Single-player, Multi-player, Co-op, Online Co-op, Steam Achievements, Partial Controller Support, Family Sharing",0
3052,STAR WARS Battlefront,2015-11-17,73.0,3.29,1144,"Strategy, Shooter, Adventure, Action",1237950,1237950,STAR WARS™ Battlefront™ II,False,399.0,,"Single-player, Multi-player, PvP, Online PvP, Steam Achievements, Steam Trading Cards",0
3052,STAR WARS Battlefront,2015-11-17,73.0,3.29,1144,"Strategy, Shooter, Adventure, Action",1237950,1237950,STAR WARS™ Battlefront™ II,False,399.0,,"Single-player, Multi-player, PvP, Online PvP, Steam Achievements, Steam Trading Cards",0
59313,Gris,2018-12-13,83.0,4.2,1072,"Indie, Platformer, Adventure, Puzzle",683320,683320,GRIS,False,299.0,84.0,"Single-player, Steam Achievements, Full controller support, Steam Trading Cards, Steam Cloud, Remote Play on Phone, Remote Play on Tablet, Remote Play on TV, Family Sharing",0
28110,Vampyr,2018-06-04,70.0,3.49,880,"Adventure, Action, RPG",427290,427290,Vampyr,False,799.0,72.0,"Single-player, Steam Achievements, Full controller support, Steam Trading Cards, Steam Cloud, Remote Play on TV, Family Sharing",0
58494,Battlefield V,2018-11-20,77.0,3.51,1004,"Massively Multiplayer, Shooter, Adventure, Action",2807960,2807960,Battlefield™ 6,False,4899.0,82.0,"Single-player, Multi-player, PvP, Online PvP, Cross-Platform Multiplayer, Steam Achievements, Full controller support, In-App Purchases, Camera Comfort, Chat Speech-to-text, Chat Text-to-speech, Color Alternatives, Custom Volume Controls, Adjustable Difficulty, Keyboard Only Option, Playable without Timed Input, Stereo Sound, Subtitle Options, Surround Sound, Steam Cloud, HDR available",0
248521,Valheim,2021-02-02,,3.99,629,"Indie, Adventure, Action",892970,892970,Valheim,False,999.0,,"Single-player, Multi-player, Co-op, Online Co-op, Full controller support, Camera Comfort, Custom Volume Controls, Adjustable Difficulty, Save Anytime, Stereo Sound, Steam Cloud, Remote Play on Tablet, Family Sharing",0
704634,Uncharted: Legacy of Thieves Collection,2022-01-28,,4.46,508,"Adventure, Action",1659420,1659420,UNCHARTED™: Legacy of Thieves Collection,False,1649.0,,"Single-player, Steam Achievements, Full controller support, Custom Volume Controls, Adjustable Difficulty, Save Anytime, Stereo Sound, Surround Sound, Steam Cloud, Remote Play on TV, Family Sharing",0
58764,Outer Wilds,2019-05-29,84.0,4.36,868,"Indie, Adventure, Puzzle",753640,753640,Outer Wilds,False,1499.0,85.0,"Single-player, Steam Achievements, Full controller support, Steam Trading Cards, Steam Cloud, Remote Play on Phone, Remote Play on Tablet, Remote Play on TV, Family Sharing",0
34,Crash Bandicoot N. Sane Trilogy,2017-06-30,81.0,4.12,642,"Platformer, Action",731490,731490,Crash Bandicoot™ N. Sane Trilogy,False,1599.0,,"Single-player, Steam Achievements, Steam Trading Cards, Partial Controller Support, Steam Cloud, Remote Play on Phone, Remote Play on Tablet, Family Sharing",0
398423,Gothic Playable Teaser,2019-12-01,,2.54,244,RPG,950670,950670,Gothic Playable Teaser,False,,,"Single-player, Steam Achievements, Full controller support, Steam Cloud, Family Sharing",0
10293,Tabletop Simulator,2015-06-05,,4.05,669,"RPG, Casual, Strategy, Simulation, Indie",286160,286160,Tabletop Simulator,False,975.0,,"Single-player, Multi-player, PvP, Online PvP, Shared/Split Screen PvP, Co-op, Online Co-op, Shared/Split Screen Co-op, Shared/Split Screen, Cross-Platform Multiplayer, Steam Achievements, Full controller support, Tracked Controller Support, VR Supported, Steam Trading Cards, Steam Workshop, Steam Cloud, Includes level editor, Remote Play Together, Family Sharing",0
382,Sniper Elite 4,2017-02-13,78.0,3.58,737,"Shooter, Adventure, Action",312660,312660,Sniper Elite 4,False,599.0,78.0,"Single-player, Multi-player, Co-op, Steam Achievements, Full controller support, Steam Trading Cards, Steam Cloud, Steam Leaderboards, Remote Play on TV, Family Sharing",0
49,Persona 5,2016-09-15,93.0,4.35,1434,"Adventure, Action, RPG",1687950,1687950,Persona 5 Royal,False,1799.0,95.0,"Single-player, Steam Achievements, Full controller support, Steam Trading Cards, Steam Cloud, Family Sharing",0
58952,Life is Strange 2,2018-09-27,75.0,3.79,766,Adventure,1265920,1265920,Life is Strange Remastered,False,1199.0,,"Single-player, Steam Achievements, Full controller support, Family Sharing",0
58952,Life is Strange 2,2018-09-27,75.0,3.79,766,Adventure,1265920,1265920,Life is Strange Remastered,False,1199.0,,"Single-player, Steam Achievements, Full controller support, Family Sharing",0
45970,The LEGO NINJAGO Movie Video Game,2017-09-22,70.0,2.92,279,"Adventure, Action",640590,640590,The LEGO® NINJAGO® Movie Video Game,False,299.0,,"Single-player, Multi-player, PvP, Shared/Split Screen PvP, Co-op, Shared/Split Screen Co-op, Steam Achievements, Full controller support, Steam Cloud, Remote Play on Phone, Remote Play on Tablet, Remote Play on TV, Remote Play Together, Family Sharing",0
44525,Yakuza Kiwami,2016-01-21,83.0,4.1,774,"Adventure, Action, RPG, Fighting",3717340,3717340,Yakuza Kiwami 2,False,1599.0,,"Single-player, Multi-player, Steam Achievements, Full controller support, Custom Volume Controls, Adjustable Difficulty, Stereo Sound, Surround Sound, Steam Cloud, Family Sharing",0
15829,Pillars of Eternity,2015-03-26,89.0,3.96,718,RPG,291650,291650,Pillars of Eternity,False,999.0,89.0,"Single-player, Steam Achievements, Steam Trading Cards, Steam Cloud, Commentary available, Remote Play on Tablet, Family Sharing",0
622492,Forza Horizon 5,2021-11-08,,4.29,752,"Racing, Arcade",1551360,1551360,Forza Horizon 5,False,2999.0,,"Single-player, Multi-player, PvP, Online PvP, Co-op, Online Co-op, Cross-Platform Multiplayer, Steam Achievements, Full controller support, Steam Trading Cards, Steam Cloud, HDR available, Family Sharing",0
616765,Marvel's Guardians of the Galaxy,2021-10-26,,4.29,889,"Shooter, Adventure, Action",1088850,1088850,Marvel's Guardians of the Galaxy,False,899.0,78.0,"Single-player, Steam Achievements, Full controller support, Steam Trading Cards, Adjustable Text Size, Camera Comfort, Custom Volume Controls, Adjustable Difficulty, Playable without Timed Input, Stereo Sound, Subtitle Options, Surround Sound, Steam Cloud, HDR available, Family Sharing",0
10767,Shadow Tactics: Blades of the Shogun,2016-12-05,85.0,4.08,463,"Strategy, Indie",418240,418240,Shadow Tactics: Blades of the Shogun,False,499.0,85.0,"Single-player, Steam Achievements, Full controller support, Steam Trading Cards, Steam Cloud, Remote Play on TV, Family Sharing",0
58752,The Awesome Adventures of Captain Spirit,2018-06-25,77.0,3.61,928,Adventure,845070,845070,The Awesome Adventures of Captain Spirit,True,,79.0,"Single-player, Full controller support, Steam Cloud, Remote Play on TV, Family Sharing",0
884,Call of Duty: Modern Warfare Remastered,2016-10-05,86.0,3.97,1135,"Shooter, Action",3595230,3595230,Call of Duty®: Modern Warfare® II,False,2399.0,,"Single-player, Multi-player, PvP, Online PvP, Co-op, Online Co-op, Cross-Platform Multiplayer, Steam Achievements, Full controller support, Captions available, In-App Purchases",0
38,Injustice 2,2017-05-09,88.0,3.92,952,Fighting,627270,627270,Injustice™ 2,False,499.0,86.0,"Single-player, Multi-player, PvP, Online PvP, Shared/Split Screen PvP, Steam Achievements, Full controller support, Steam Trading Cards, In-App Purchases, Steam Cloud, Remote Play on Phone, Remote Play on Tablet, Remote Play on TV, Remote Play Together, HDR available, Family Sharing",0
324997,Baldur's Gate III,2023-08-03,97.0,4.43,972,"Strategy, Adventure, RPG",1086940,1086940,Baldur's Gate 3,False,4499.0,96.0,"Single-player, Multi-player, Co-op, Online Co-op, LAN Co-op, Cross-Platform Multiplayer, Steam Achievements, Full controller support, Steam Trading Cards, Adjustable Text Size, Camera Comfort, Color Alternatives, Custom Volume Controls, Adjustable Difficulty, Playable without Timed Input, Save Anytime, Stereo Sound, Subtitle Options, Surround Sound, Steam Cloud, Remote Play on TV, Remote Play Together, Family Sharing",0
3315,Magicka 2,2015-05-26,69.0,3.69,680,"Adventure, Action, RPG",238370,238370,Magicka 2,False,374.0,,"Single-player, Multi-player, Co-op, Shared/Split Screen, Steam Achievements, Full controller support, Steam Trading Cards, Remote Play on Phone, Remote Play on Tablet, Remote Play on TV, Remote Play Together, Family Sharing",0
391399,Tell Me Why,2020-08-27,76.0,3.17,296,Adventure,1180660,1180660,Tell Me Why,True,,,"Single-player, Steam Achievements, Full controller support, Captions available, Steam Cloud",0
